[{"__type__":"cc.SceneAsset","_name":"start","scene":{"__id__":1},"asyncLoadAssets":null},{"__type__":"cc.Scene","_name":"New Node","_children":[{"__id__":2},{"__id__":11}],"_anchorPoint":{"__type__":"cc.Vec2"},"_trs":{"__type__":"TypedArray","ctor":"Float64Array","array":[0,0,0,0,0,0,1,1,1,1]},"autoReleaseAssets":false},{"__type__":"cc.Node","_name":"Canvas","_parent":{"__id__":1},"_children":[{"__id__":3},{"__id__":4},{"__id__":5},{"__id__":7},{"__id__":8}],"_components":[{"__type__":"cc.Canvas","node":{"__id__":2},"_designResolution":{"__type__":"cc.Size","width":640,"height":960}},{"__type__":"e1b90/rohdEk4SdmmEZANaD","node":{"__id__":2},"label":{"__id__":6},"text":"对抗卡路里"},{"__type__":"cc.Widget","node":{"__id__":2},"_alignFlags":45}],"_color":{"__type__":"cc.Color","r":252,"g":252,"b":252},"_contentSize":{"__type__":"cc.Size","width":640,"height":960},"_trs":{"__type__":"TypedArray","ctor":"Float64Array","array":[320,480,0,0,0,0,1,1,1,1]},"_id":"a286bbGknJLZpRpxROV6M94"},{"__type__":"cc.Node","_name":"Main Camera","_parent":{"__id__":2},"_components":[{"__type__":"cc.Camera","node":{"__id__":3},"_clearFlags":7,"_depth":-1}],"_trs":{"__type__":"TypedArray","ctor":"Float64Array","array":[0,0,541.2658773652742,0,0,0,1,1,1,1]}},{"__type__":"cc.Node","_name":"bkg","_parent":{"__id__":2},"_components":[{"__type__":"cc.Sprite","node":{"__id__":4},"_materials":[{"__uuid__":"ecpdLyjvZBwrvm+cedCcQy"}],"_spriteFrame":{"__uuid__":"a2MjXRFdtLlYQ5ouAFv/+R"},"_sizeMode":0}],"_color":{"__type__":"cc.Color","r":243,"g":233,"b":195},"_contentSize":{"__type__":"cc.Size","width":640,"height":960},"_trs":{"__type__":"TypedArray","ctor":"Float64Array","array":[0,0,0,0,0,0,1,1,1,1]}},{"__type__":"cc.Node","_name":"label","_parent":{"__id__":2},"_components":[{"__id__":6}],"_contentSize":{"__type__":"cc.Size","width":328.01,"height":75.6},"_trs":{"__type__":"TypedArray","ctor":"Float64Array","array":[0,184.93,0,0,0,0,1,1.611,1.611,1.611]}},{"__type__":"cc.Label","node":{"__id__":5},"_materials":[{"__uuid__":"ecpdLyjvZBwrvm+cedCcQy"}],"_useOriginalSize":false,"_string":"Avoid of Calories","_N$string":"Avoid of Calories","_fontSize":60,"_lineHeight":60,"_N$file":{"__uuid__":"35KSZb8GlNu7ouetEbZe3K"},"_isSystemFontUsed":false,"_N$horizontalAlign":1,"_N$verticalAlign":1},{"__type__":"cc.Node","_name":"girl_normal","_parent":{"__id__":2},"_components":[{"__type__":"cc.Sprite","node":{"__id__":7},"_materials":[{"__uuid__":"ecpdLyjvZBwrvm+cedCcQy"}],"_spriteFrame":{"__uuid__":"004u4x2P5MjYuNoQMjh7FZ"}},{"__type__":"cc.Animation","node":{"__id__":7},"_defaultClip":{"__uuid__":"a9KrXUmqREEaO9rk3wF/PR"},"_clips":[{"__uuid__":"a9KrXUmqREEaO9rk3wF/PR"}],"playOnLoad":true}],"_contentSize":{"__type__":"cc.Size","width":702,"height":720},"_trs":{"__type__":"TypedArray","ctor":"Float64Array","array":[0,-248.325,0,0,0,0,1,0.706,0.706,0.706]}},{"__type__":"cc.Node","_name":"Start","_parent":{"__id__":2},"_children":[{"__id__":9}],"_components":[{"__type__":"cc.Button","node":{"__id__":8},"clickEvents":[{"__type__":"cc.ClickEvent","target":{"__id__":11},"_componentId":"33c56zCaHlGe41vHDE8wIjY","handler":"loadNextScene"}],"_N$transition":2,"transition":2,"_N$normalColor":{"__type__":"cc.Color","r":230,"g":230,"b":230},"_N$pressedColor":{"__type__":"cc.Color","r":200,"g":200,"b":200},"pressedColor":{"__type__":"cc.Color","r":200,"g":200,"b":200},"_N$disabledColor":{"__type__":"cc.Color","r":120,"g":120,"b":120,"a":200},"_N$normalSprite":{"__uuid__":"f0BIwQ8D5Ml7nTNQbh1YlS"},"_N$pressedSprite":{"__uuid__":"e97GVMl6JHh5Ml5qEDdSGa"},"pressedSprite":{"__uuid__":"e97GVMl6JHh5Ml5qEDdSGa"},"_N$hoverSprite":{"__uuid__":"f0BIwQ8D5Ml7nTNQbh1YlS"},"hoverSprite":{"__uuid__":"f0BIwQ8D5Ml7nTNQbh1YlS"},"_N$disabledSprite":{"__uuid__":"29FYIk+N1GYaeWH/q1NxQO"},"_N$target":{"__id__":9}},{"__type__":"33c56zCaHlGe41vHDE8wIjY","node":{"__id__":8},"startBtn":{"__id__":9}}],"_contentSize":{"__type__":"cc.Size","width":100,"height":40},"_trs":{"__type__":"TypedArray","ctor":"Float64Array","array":[4.709,-308.129,0,0,0,0,1,1,1,1]}},{"__type__":"cc.Node","_name":"Background","_objFlags":512,"_parent":{"__id__":8},"_children":[{"__id__":10}],"_components":[{"__type__":"cc.Sprite","node":{"__id__":9},"_materials":[{"__uuid__":"ecpdLyjvZBwrvm+cedCcQy"}],"_spriteFrame":{"__uuid__":"f0BIwQ8D5Ml7nTNQbh1YlS"},"_type":1,"_sizeMode":0},{"__type__":"cc.Widget","node":{"__id__":9},"alignMode":0,"_alignFlags":45,"_originalWidth":100,"_originalHeight":40}],"_contentSize":{"__type__":"cc.Size","width":100,"height":40},"_trs":{"__type__":"TypedArray","ctor":"Float64Array","array":[0,0,0,0,0,0,1,1,1,1]}},{"__type__":"cc.Node","_name":"Label","_objFlags":512,"_parent":{"__id__":9},"_components":[{"__type__":"cc.Label","node":{"__id__":10},"_materials":[{"__uuid__":"ecpdLyjvZBwrvm+cedCcQy"}],"_useOriginalSize":false,"_string":"Start","_N$string":"Start","_fontSize":20,"_enableWrapText":false,"_N$horizontalAlign":1,"_N$verticalAlign":1,"_N$overflow":1,"_N$cacheMode":1}],"_color":{"__type__":"cc.Color"},"_contentSize":{"__type__":"cc.Size","width":100,"height":40},"_trs":{"__type__":"TypedArray","ctor":"Float64Array","array":[0,0,0,0,0,0,1,1,1,1]}},{"__type__":"cc.Node","_name":"btnclick","_parent":{"__id__":1},"_components":[{"__type__":"33c56zCaHlGe41vHDE8wIjY","node":{"__id__":11},"startBtn":{"__id__":8}}],"_trs":{"__type__":"TypedArray","ctor":"Float64Array","array":[0,0,0,0,0,0,1,1,1,1]},"_id":"54X3OY1r5AprzdLUJ7TrVh"}]