[{"__type__":"cc.AudioClip","_name":"eat","_native":".mp3","duration":0.809796},{"__type__":"cc.SpriteFrame","content":{"name":"desk","texture":"42xmQSEhhD7pCyaL0xN7jQ","rect":[0,0,1080,295],"offset":[0,0],"originalSize":[1080,295],"capInsets":[0,0,0,0]}},{"__type__":"cc.SpriteFrame","content":{"name":"girl_eat2","texture":"e7hxY5cB9C263RzurTNXpO","rect":[4,0,693,701],"offset":[-0.5,0],"originalSize":[702,701],"capInsets":[0,0,0,0]}},{"__type__":"cc.SpriteFrame","content":{"name":"angel_c","texture":"e9y51mBXVGMoLvVVFOHnfI","rect":[12,9,225,156],"offset":[-4.5,5.5],"originalSize":[258,185],"capInsets":[0,0,0,0]}},{"__type__":"cc.SpriteFrame","content":{"name":"macaron1","texture":"b1bNMAdK9C74psdUURMwwb","rect":[0,0,137,100],"offset":[0,0],"originalSize":[137,100],"capInsets":[0,0,0,0]}},{"__type__":"cc.SpriteFrame","content":{"name":"playerzone","texture":"684IrCwYRFNKHf5nHYlo0B","rect":[0,0,1080,333],"offset":[0,0],"originalSize":[1080,333],"capInsets":[0,0,0,0]}},{"__type__":"cc.AudioClip","_name":"collision","_native":".mp3","duration":0.470204},{"__type__":"cc.SpriteFrame","content":{"name":"macaron_collision","texture":"8cLxxCoz5LWbjEhlKBn71W","rect":[0,0,115,100],"offset":[-11,0],"originalSize":[137,100],"capInsets":[0,0,0,0]}},{"__type__":"cc.SpriteFrame","content":{"name":"girl_eat1","texture":"63qFFlxAxKZ5tJD8xPtkmO","rect":[4,0,693,701],"offset":[-0.5,0],"originalSize":[702,701],"capInsets":[0,0,0,0]}},[{"__type__":"cc.Prefab","_name":"macaron_collision","data":{"__id__":1}},{"__type__":"cc.Node","_name":"macaron_collision","_components":[{"__type__":"cc.Sprite","node":{"__id__":1},"_materials":[{"__uuid__":"ecpdLyjvZBwrvm+cedCcQy"}],"_spriteFrame":{"__uuid__":"2dynEV/d9OzaXYKBUkFo42"}},{"__type__":"2716fiEnB1Ct534WRdFKPYQ","node":{"__id__":1}}],"_prefab":{"__type__":"cc.PrefabInfo","root":{"__id__":1},"asset":{"__uuid__":"695QVHH1hPO4Gm5y9/pw8I"},"fileId":"aeNAkR/r9MN6VdOOsBsjWj"},"_contentSize":{"__type__":"cc.Size","width":115,"height":100},"_trs":{"__type__":"TypedArray","ctor":"Float64Array","array":[0,0,0,0,0,0,1,0.15,0.2,1]}}],[{"__type__":"cc.Prefab","_name":"macaron","data":{"__id__":1}},{"__type__":"cc.Node","_name":"macaron","_components":[{"__type__":"cc.Sprite","node":{"__id__":1},"_materials":[{"__uuid__":"ecpdLyjvZBwrvm+cedCcQy"}],"_spriteFrame":{"__uuid__":"95clhfYM1Oaqixi57B7biF"}},{"__type__":"cc.Animation","node":{"__id__":1},"_defaultClip":{"__uuid__":"e5YXepd31JbJkFWGuHc2H1"},"_clips":[{"__uuid__":"e5YXepd31JbJkFWGuHc2H1"}],"playOnLoad":true},{"__type__":"f7f791gC2NBioByoJXndn7W","node":{"__id__":1},"pickRadius":10.399999999999999}],"_prefab":{"__type__":"cc.PrefabInfo","root":{"__id__":1},"asset":{"__uuid__":"8bKyfyOgpD1rnmCyQURifB"},"fileId":"eeO6CWBAVMS6XR0kXvMrpc"},"_contentSize":{"__type__":"cc.Size","width":137,"height":100},"_trs":{"__type__":"TypedArray","ctor":"Float64Array","array":[0,0,0,0,0,0,1,0.15,0.2,1]}}],{"__type__":"cc.SpriteFrame","content":{"name":"default_sprite","texture":"6eBWFz0oVHPLIGQKf/9Thu","rect":[0,2,40,36],"offset":[0,0],"originalSize":[40,40],"capInsets":[0,0,0,0]}},{"__type__":"cc.SpriteFrame","content":{"name":"macaron0","texture":"fdGk/ox2JLlJR8lDzH5vPz","rect":[0,0,137,100],"offset":[0,0],"originalSize":[137,100],"capInsets":[0,0,0,0]}},{"__type__":"cc.SpriteFrame","content":{"name":"menu","texture":"bd0t6PlO5OcozNnSQmR6aQ","rect":[0,0,420,417],"offset":[-0.5,0],"originalSize":[421,417],"capInsets":[0,0,0,0]}},{"__type__":"cc.AnimationClip","_name":"girl_eat","_duration":0.75,"sample":4,"wrapMode":2,"curveData":{"comps":{"cc.Sprite":{"spriteFrame":[{"frame":0,"value":{"__uuid__":"52g/6yMRdPQZjXvtrUwdww"}},{"frame":0.5,"value":{"__uuid__":"18dfJZpupJ2Z8bDMYaHrFP"}}]}}}},[{"__type__":"cc.SceneAsset","_name":"game","scene":{"__id__":1},"asyncLoadAssets":null},{"__type__":"cc.Scene","_name":"New Node","_children":[{"__id__":2}],"_active":false,"_anchorPoint":{"__type__":"cc.Vec2"},"_trs":{"__type__":"TypedArray","ctor":"Float64Array","array":[0,0,0,0,0,0,1,1,1,1]},"autoReleaseAssets":false},{"__type__":"cc.Node","_name":"Canvas","_parent":{"__id__":1},"_children":[{"__id__":3},{"__id__":4},{"__id__":5},{"__id__":6},{"__id__":7},{"__id__":9},{"__id__":10},{"__id__":11}],"_components":[{"__type__":"cc.Canvas","node":{"__id__":2},"_designResolution":{"__type__":"cc.Size","width":640,"height":960}},{"__type__":"cc.Widget","node":{"__id__":2},"_alignFlags":45,"_left":-779.8399999999997,"_right":-779.8399999999995,"_top":-836.1600000000001,"_bottom":-836.1600000000001},{"__type__":"574d50r4wJOcJyXMYxj6+qx","node":{"__id__":2},"scoreDisplay":{"__id__":8},"starPrefab":{"__uuid__":"8bKyfyOgpD1rnmCyQURifB"},"player":{"__id__":6},"explosion":{"__uuid__":"695QVHH1hPO4Gm5y9/pw8I"},"girl":{"__id__":9},"collisionSound":{"__uuid__":"28l3ycu8RG4atXIuD084uX"},"eatSound":{"__uuid__":"0cngrFPwZDGaljzLNlNr20"},"menu":{"__id__":11}}],"_contentSize":{"__type__":"cc.Size","width":640,"height":960},"_trs":{"__type__":"TypedArray","ctor":"Float64Array","array":[320,480,0,0,0,0,1,3.437,2.742,2.502]},"_id":"a5esZu+45LA5mBpvttspPD"},{"__type__":"cc.Node","_name":"Main Camera","_parent":{"__id__":2},"_components":[{"__type__":"cc.Camera","node":{"__id__":3},"_clearFlags":7,"_depth":-1}],"_contentSize":{"__type__":"cc.Size","width":960,"height":640},"_trs":{"__type__":"TypedArray","ctor":"Float64Array","array":[0,0,541.2658773652742,0,0,0,1,1,1,1]}},{"__type__":"cc.Node","_name":"bkg","_parent":{"__id__":2},"_components":[{"__type__":"cc.Sprite","node":{"__id__":4},"_materials":[{"__uuid__":"ecpdLyjvZBwrvm+cedCcQy"}],"_spriteFrame":{"__uuid__":"a2MjXRFdtLlYQ5ouAFv/+R"},"_sizeMode":0}],"_color":{"__type__":"cc.Color","r":250,"g":247,"b":238},"_contentSize":{"__type__":"cc.Size","width":100,"height":100},"_trs":{"__type__":"TypedArray","ctor":"Float64Array","array":[0,2.800000050279926e-7,0,0,0,0,1,1.865,3.559,15.006]}},{"__type__":"cc.Node","_name":"playerzone","_parent":{"__id__":2},"_components":[{"__type__":"cc.Sprite","node":{"__id__":5},"_materials":[{"__uuid__":"ecpdLyjvZBwrvm+cedCcQy"}],"_spriteFrame":{"__uuid__":"225uzcKVRP8pycwRznemdO"}}],"_contentSize":{"__type__":"cc.Size","width":1080,"height":333},"_trs":{"__type__":"TypedArray","ctor":"Float64Array","array":[-1.812,47.692,0,0,0,0,1,0.174,0.174,0.174]}},{"__type__":"cc.Node","_name":"plyer","_parent":{"__id__":2},"_components":[{"__type__":"cc.Sprite","node":{"__id__":6},"_materials":[{"__uuid__":"ecpdLyjvZBwrvm+cedCcQy"}],"_spriteFrame":{"__uuid__":"8c20Sso/ZEn7NUfNSM+EBh"}},{"__type__":"cc.Animation","node":{"__id__":6},"_defaultClip":{"__uuid__":"c22zozzgJCuLejgQ/6Rnbk"},"_clips":[{"__uuid__":"c22zozzgJCuLejgQ/6Rnbk"}],"playOnLoad":true},{"__type__":"3aec7hhJc1EbKGG/Makwv0+","node":{"__id__":6},"jumpHeight":6.2,"jumpDuration":0.2,"maxMoveSpeed":0.3,"accel":1.2000000000000006}],"_contentSize":{"__type__":"cc.Size","width":40,"height":36},"_trs":{"__type__":"TypedArray","ctor":"Float64Array","array":[53.546,47.99,0,0,0,0,1,0.18,0.18,1]}},{"__type__":"cc.Node","_name":"score","_parent":{"__id__":2},"_components":[{"__id__":8}],"_color":{"__type__":"cc.Color","r":121,"g":155,"b":128},"_contentSize":{"__type__":"cc.Size","width":154.6,"height":50.4},"_trs":{"__type__":"TypedArray","ctor":"Float64Array","array":[-1.414,121.851,0,0,0,0,1,0.447,0.501,0.963]}},{"__type__":"cc.Label","node":{"__id__":7},"_materials":[{"__uuid__":"ecpdLyjvZBwrvm+cedCcQy"}],"_useOriginalSize":false,"_string":"Avoid of 0 Calories","_N$string":"Avoid of 0 Calories","_fontSize":25.59999999999989,"_N$file":{"__uuid__":"35KSZb8GlNu7ouetEbZe3K"},"_isSystemFontUsed":false,"_N$horizontalAlign":1,"_N$verticalAlign":1},{"__type__":"cc.Node","_name":"girl","_parent":{"__id__":2},"_components":[{"__type__":"cc.Sprite","node":{"__id__":9},"_materials":[{"__uuid__":"ecpdLyjvZBwrvm+cedCcQy"}]},{"__type__":"cc.Animation","node":{"__id__":9},"_defaultClip":{"__uuid__":"a9KrXUmqREEaO9rk3wF/PR"},"_clips":[{"__uuid__":"a9KrXUmqREEaO9rk3wF/PR"},{"__uuid__":"a04yeCJ2lJxobwBjSy3B2y"}],"playOnLoad":true}],"_contentSize":{"__type__":"cc.Size","width":640,"height":743},"_trs":{"__type__":"TypedArray","ctor":"Float64Array","array":[0,-63.246,0,0,0,0,1,0.174,0.203,0.203]}},{"__type__":"cc.Node","_name":"desk","_parent":{"__id__":2},"_components":[{"__type__":"cc.Sprite","node":{"__id__":10},"_materials":[{"__uuid__":"ecpdLyjvZBwrvm+cedCcQy"}],"_spriteFrame":{"__uuid__":"15LfQs79BMj4KWpg73lo5m"}}],"_contentSize":{"__type__":"cc.Size","width":1080,"height":295},"_trs":{"__type__":"TypedArray","ctor":"Float64Array","array":[0,-161.135,0,0,0,0,1,0.175,0.205,1]}},{"__type__":"cc.Node","_name":"menu","_parent":{"__id__":2},"_children":[{"__id__":12},{"__id__":15}],"_active":false,"_components":[{"__type__":"cc.Sprite","node":{"__id__":11},"_materials":[{"__uuid__":"ecpdLyjvZBwrvm+cedCcQy"}],"_spriteFrame":{"__uuid__":"a0K3OR3ghDLYl3YW1eQiRp"}},{"__type__":"7a0b5tG/q5CGbDbgobW+ryi","node":{"__id__":11}}],"_contentSize":{"__type__":"cc.Size","width":420,"height":417},"_trs":{"__type__":"TypedArray","ctor":"Float64Array","array":[1.652,30.062,0,0,0,0,1,0.23,0.288,0.23]}},{"__type__":"cc.Node","_name":"Restart","_parent":{"__id__":11},"_children":[{"__id__":13}],"_components":[{"__type__":"cc.Button","node":{"__id__":12},"clickEvents":[{"__type__":"cc.ClickEvent","target":{"__id__":11},"_componentId":"7a0b5tG/q5CGbDbgobW+ryi","handler":"restart"}],"_N$transition":2,"transition":2,"_N$normalColor":{"__type__":"cc.Color","r":230,"g":230,"b":230},"_N$pressedColor":{"__type__":"cc.Color","r":200,"g":200,"b":200},"pressedColor":{"__type__":"cc.Color","r":200,"g":200,"b":200},"_N$disabledColor":{"__type__":"cc.Color","r":120,"g":120,"b":120,"a":200},"_N$normalSprite":{"__uuid__":"f0BIwQ8D5Ml7nTNQbh1YlS"},"_N$pressedSprite":{"__uuid__":"e97GVMl6JHh5Ml5qEDdSGa"},"pressedSprite":{"__uuid__":"e97GVMl6JHh5Ml5qEDdSGa"},"_N$hoverSprite":{"__uuid__":"f0BIwQ8D5Ml7nTNQbh1YlS"},"hoverSprite":{"__uuid__":"f0BIwQ8D5Ml7nTNQbh1YlS"},"_N$disabledSprite":{"__uuid__":"29FYIk+N1GYaeWH/q1NxQO"},"_N$target":{"__id__":13}}],"_contentSize":{"__type__":"cc.Size","width":100,"height":40},"_trs":{"__type__":"TypedArray","ctor":"Float64Array","array":[0,-68.92,0,0,0,0,1,1,1,1]}},{"__type__":"cc.Node","_name":"Background","_objFlags":512,"_parent":{"__id__":12},"_children":[{"__id__":14}],"_components":[{"__type__":"cc.Sprite","node":{"__id__":13},"_materials":[{"__uuid__":"ecpdLyjvZBwrvm+cedCcQy"}],"_spriteFrame":{"__uuid__":"f0BIwQ8D5Ml7nTNQbh1YlS"},"_type":1,"_sizeMode":0},{"__type__":"cc.Widget","node":{"__id__":13},"alignMode":0,"_alignFlags":45,"_originalWidth":100,"_originalHeight":40}],"_opacity":243.015,"_color":{"__type__":"cc.Color","r":243,"g":192,"b":100},"_contentSize":{"__type__":"cc.Size","width":100,"height":40},"_trs":{"__type__":"TypedArray","ctor":"Float64Array","array":[0,0,0,0,0,0,1,1,1,1]}},{"__type__":"cc.Node","_name":"Label","_objFlags":512,"_parent":{"__id__":13},"_components":[{"__type__":"cc.Label","node":{"__id__":14},"_materials":[{"__uuid__":"ecpdLyjvZBwrvm+cedCcQy"}],"_useOriginalSize":false,"_string":"One more time","_N$string":"One more time","_fontSize":20,"_enableWrapText":false,"_N$horizontalAlign":1,"_N$verticalAlign":1,"_N$overflow":1,"_N$cacheMode":1}],"_color":{"__type__":"cc.Color"},"_contentSize":{"__type__":"cc.Size","width":100,"height":40},"_trs":{"__type__":"TypedArray","ctor":"Float64Array","array":[0,0,0,0,0,0,1,1,1,1]}},{"__type__":"cc.Node","_name":"Back","_parent":{"__id__":11},"_children":[{"__id__":16}],"_components":[{"__type__":"cc.Button","node":{"__id__":15},"clickEvents":[{"__type__":"cc.ClickEvent","target":{"__id__":11},"_componentId":"7a0b5tG/q5CGbDbgobW+ryi","handler":"back"}],"_N$transition":2,"transition":2,"_N$normalColor":{"__type__":"cc.Color","r":230,"g":230,"b":230},"_N$pressedColor":{"__type__":"cc.Color","r":200,"g":200,"b":200},"pressedColor":{"__type__":"cc.Color","r":200,"g":200,"b":200},"_N$disabledColor":{"__type__":"cc.Color","r":120,"g":120,"b":120,"a":200},"_N$normalSprite":{"__uuid__":"f0BIwQ8D5Ml7nTNQbh1YlS"},"_N$pressedSprite":{"__uuid__":"e97GVMl6JHh5Ml5qEDdSGa"},"pressedSprite":{"__uuid__":"e97GVMl6JHh5Ml5qEDdSGa"},"_N$hoverSprite":{"__uuid__":"f0BIwQ8D5Ml7nTNQbh1YlS"},"hoverSprite":{"__uuid__":"f0BIwQ8D5Ml7nTNQbh1YlS"},"_N$disabledSprite":{"__uuid__":"29FYIk+N1GYaeWH/q1NxQO"},"_N$target":{"__id__":16}}],"_contentSize":{"__type__":"cc.Size","width":100,"height":40},"_trs":{"__type__":"TypedArray","ctor":"Float64Array","array":[0,-132.815,0,0,0,0,1,1,1,1]}},{"__type__":"cc.Node","_name":"Background","_objFlags":512,"_parent":{"__id__":15},"_children":[{"__id__":17}],"_components":[{"__type__":"cc.Sprite","node":{"__id__":16},"_materials":[{"__uuid__":"ecpdLyjvZBwrvm+cedCcQy"}],"_spriteFrame":{"__uuid__":"f0BIwQ8D5Ml7nTNQbh1YlS"},"_type":1,"_sizeMode":0},{"__type__":"cc.Widget","node":{"__id__":16},"alignMode":0,"_alignFlags":45,"_originalWidth":100,"_originalHeight":40}],"_color":{"__type__":"cc.Color","r":255,"g":207,"b":83},"_contentSize":{"__type__":"cc.Size","width":100,"height":40},"_trs":{"__type__":"TypedArray","ctor":"Float64Array","array":[0,0,0,0,0,0,1,1,1,1]}},{"__type__":"cc.Node","_name":"Label","_objFlags":512,"_parent":{"__id__":16},"_components":[{"__type__":"cc.Label","node":{"__id__":17},"_materials":[{"__uuid__":"ecpdLyjvZBwrvm+cedCcQy"}],"_useOriginalSize":false,"_string":"Back","_N$string":"Back","_fontSize":20,"_enableWrapText":false,"_N$horizontalAlign":1,"_N$verticalAlign":1,"_N$overflow":1,"_N$cacheMode":1}],"_color":{"__type__":"cc.Color"},"_contentSize":{"__type__":"cc.Size","width":100,"height":40},"_trs":{"__type__":"TypedArray","ctor":"Float64Array","array":[0,0,0,0,0,0,1,1,1,1]}}],{"__type__":"cc.AnimationClip","_name":"angel_fly","_duration":0.4166666666666667,"sample":12,"wrapMode":2,"curveData":{"comps":{"cc.Sprite":{"spriteFrame":[{"frame":0,"value":{"__uuid__":"cbMUnUEGdMgbzXtiLyHczW"}},{"frame":0.16666666666666666,"value":{"__uuid__":"20zTpsEglMP7X1MyadNow2"}},{"frame":0.3333333333333333,"value":{"__uuid__":"cbMUnUEGdMgbzXtiLyHczW"}}]}}}},{"__type__":"cc.SpriteFrame","content":{"name":"angel_o","texture":"34B4qnYl5CnqsTWywpKgDB","rect":[21,9,222,158],"offset":[3,4.5],"originalSize":[258,185],"capInsets":[0,0,0,0]}},{"__type__":"cc.AnimationClip","_name":"macaron","_duration":1,"sample":4,"wrapMode":2,"curveData":{"comps":{"cc.Sprite":{"spriteFrame":[{"frame":0,"value":{"__uuid__":"95clhfYM1Oaqixi57B7biF"}},{"frame":0.75,"value":{"__uuid__":"21SZAu+k9CbJe61rUmWiJ+"}}]}}}}]