[{"__type__":"cc.SpriteFrame","content":{"name":"char1","texture":"8fHANwGm9FF5TjSthRbS79","rect":[33,41,702,720],"offset":[13.5,-20.5],"originalSize":[741,761],"capInsets":[0,0,0,0]}},{"__type__":"cc.SpriteFrame","content":{"name":"char3","texture":"49dOKzmZxAo7AwlLcUZdCp","rect":[10,18,640,743],"offset":[-40.5,-9],"originalSize":[741,761],"capInsets":[0,0,0,0]}},{"__type__":"cc.SpriteFrame","content":{"name":"default_btn_disabled","texture":"71VhFCTINJM6/Ky3oX9nBT","rect":[0,0,40,40],"offset":[0,0],"originalSize":[40,40],"capInsets":[12,12,12,12]}},{"__type__":"cc.TTFFont","_name":"FenPinYinTi-2","_native":"FenPinYinTi-2.ttf"},{"__type__":"cc.SpriteFrame","content":{"name":"default_sprite_splash","texture":"02delMVqdBD70a/HSD99FK","rect":[0,0,2,2],"offset":[0,0],"originalSize":[2,2],"capInsets":[0,0,0,0]}},{"__type__":"cc.AnimationClip","_name":"girl_normal","_duration":1,"sample":4,"wrapMode":2,"curveData":{"comps":{"cc.Sprite":{"spriteFrame":[{"frame":0,"value":{"__uuid__":"1bLJfYkZNO0bBPN77dgt//"}},{"frame":0.25,"value":{"__uuid__":"004u4x2P5MjYuNoQMjh7FZ"}},{"frame":0.5,"value":{"__uuid__":"f02w2JIcJAkrm5Q7OnzaNB"}},{"frame":0.75,"value":{"__uuid__":"004u4x2P5MjYuNoQMjh7FZ"}}]}}},"events":[{"frame":0.5,"func":"","params":[]},{"frame":0.75,"func":"","params":[]}]},{"__type__":"cc.SpriteFrame","content":{"name":"default_btn_pressed","texture":"b4P/PCArtIdIH38t6mlw8Y","rect":[0,0,40,40],"offset":[0,0],"originalSize":[40,40],"capInsets":[12,12,12,12]}},{"__type__":"cc.SpriteFrame","content":{"name":"default_btn_normal","texture":"e8Ueib+qJEhL6mXAHdnwbi","rect":[0,0,40,40],"offset":[0,0],"originalSize":[40,40],"capInsets":[12,12,12,12]}},{"__type__":"cc.SpriteFrame","content":{"name":"char2","texture":"35EzlSoRJLhJ5EgQtgoxBQ","rect":[19,21,722,740],"offset":[9.5,-10.5],"originalSize":[741,761],"capInsets":[0,0,0,0]}}]